<?xml version="1.0" encoding="UTF-8"?>
<project-private xmlns="http://www.netbeans.org/ns/project-private/1">
    <editor-bookmarks xmlns="http://www.netbeans.org/ns/editor-bookmarks/2" lastBookmarkId="0"/>
    <open-files xmlns="http://www.netbeans.org/ns/projectui-open-files/2">
        <group>
            <file>file:/C:/xampp/htdocs/qualepi/application/config/database.php</file>
            <file>file:/C:/xampp/htdocs/qualepi/bootstrap.php</file>
            <file>file:/C:/xampp/htdocs/qualepi/application/views/cadastro.php</file>
            <file>file:/C:/xampp/htdocs/qualepi/assets/js/ManterEPI.js</file>
            <file>file:/C:/xampp/htdocs/qualepi/application/models/Service/EPIService.php</file>
            <file>file:/C:/xampp/htdocs/qualepi/application/models/Entity/CertificadoAprovacao.php</file>
            <file>file:/C:/xampp/htdocs/qualepi/application/views/head.php</file>
            <file>file:/C:/xampp/htdocs/qualepi/application/views/manterEPI.php</file>
            <file>file:/C:/xampp/htdocs/qualepi/application/controllers/EPIController.php</file>
            <file>file:/C:/xampp/htdocs/qualepi/application/models/Service/CertificadoAprovacaoService.php</file>
            <file>file:/C:/xampp/htdocs/qualepi/application/models/Entity/EPI.php</file>
            <file>file:/C:/xampp/htdocs/qualepi/composer.json</file>
        </group>
    </open-files>
</project-private>
